mean_fit_time,std_fit_time,mean_score_time,std_score_time,param_solver,param_learning_rate_init,param_hidden_layer_sizes,param_batch_size,param_alpha,param_activation,params,split0_test_score,split1_test_score,split2_test_score,mean_test_score,std_test_score,rank_test_score
124.10114010175069,7.537779179586286,0.3271057605743408,0.09904874218929842,adam,0.001,"(256, 128)",128,0.01,tanh,"{'solver': 'adam', 'learning_rate_init': 0.001, 'hidden_layer_sizes': (256, 128), 'batch_size': 128, 'alpha': 0.01, 'activation': 'tanh'}",0.9484617086547531,0.9493078389945692,0.9436629749302443,0.9471441741931889,0.0024856984758458464,1
77.27748894691467,2.2154372107090814,0.18380149205525717,0.014826665966737297,adam,0.0005,"(128, 64)",128,0.001,tanh,"{'solver': 'adam', 'learning_rate_init': 0.0005, 'hidden_layer_sizes': (128, 64), 'batch_size': 128, 'alpha': 0.001, 'activation': 'tanh'}",0.9309793941134111,0.9284987053239045,0.9312440060716867,0.930240701836334,0.0012365054950958054,2
53.08308744430542,0.4429212030805549,0.09237209955851237,0.002387142829832617,adam,0.001,"(64,)",64,0.01,tanh,"{'solver': 'adam', 'learning_rate_init': 0.001, 'hidden_layer_sizes': (64,), 'batch_size': 64, 'alpha': 0.01, 'activation': 'tanh'}",0.9178037247483958,0.917062966431841,0.9166480500261737,0.9171715804021369,0.0004780123860343291,3
50.728360970815025,6.336368499582211,0.08970952033996582,0.0508112188771916,adam,0.0005,"(64,)",64,0.01,relu,"{'solver': 'adam', 'learning_rate_init': 0.0005, 'hidden_layer_sizes': (64,), 'batch_size': 64, 'alpha': 0.01, 'activation': 'relu'}",0.8976794071717181,0.9105739403768405,0.9058624571921905,0.9047052682469164,0.005327385934070555,4
38.53541898727417,0.9587970679963991,0.11520274480183919,0.01475684118687893,adam,0.0005,"(64,)",128,0.001,tanh,"{'solver': 'adam', 'learning_rate_init': 0.0005, 'hidden_layer_sizes': (64,), 'batch_size': 128, 'alpha': 0.001, 'activation': 'tanh'}",0.8787485987573679,0.8685656566443153,0.8778677922335517,0.8750606825450783,0.004606732473368806,5
