mean_fit_time,std_fit_time,mean_score_time,std_score_time,param_n_estimators,param_min_samples_split,param_min_samples_leaf,param_max_features,param_max_depth,param_bootstrap,params,split0_test_score,split1_test_score,split2_test_score,mean_test_score,std_test_score,rank_test_score
10.657477537790934,0.4567426320685408,0.8109535376230875,0.11259079868266325,150,2,1,sqrt,30,True,"{'n_estimators': 150, 'min_samples_split': 2, 'min_samples_leaf': 1, 'max_features': 'sqrt', 'max_depth': 30, 'bootstrap': True}",0.9549016711442064,0.9464896697059267,0.9485785709979133,0.9499899706160155,0.003576262360891059,1
7.240882396697998,0.3225255751077987,0.5494694709777832,0.031328437226445904,100,2,1,log2,20,True,"{'n_estimators': 100, 'min_samples_split': 2, 'min_samples_leaf': 1, 'max_features': 'log2', 'max_depth': 20, 'bootstrap': True}",0.9508387294496926,0.9474589161346001,0.9491586258883797,0.9491520904908907,0.0013798107466326487,2
8.007111469904581,1.5524180046778966,0.5701031684875488,0.09373591666516107,100,2,1,log2,30,True,"{'n_estimators': 100, 'min_samples_split': 2, 'min_samples_leaf': 1, 'max_features': 'log2', 'max_depth': 30, 'bootstrap': True}",0.9532501159080007,0.9442324345031596,0.9495494969464209,0.9490106824525272,0.0037011156222528856,3
10.165004889170328,0.8542292992418128,0.7585181395212809,0.07035269126245235,150,2,2,log2,30,True,"{'n_estimators': 150, 'min_samples_split': 2, 'min_samples_leaf': 2, 'max_features': 'log2', 'max_depth': 30, 'bootstrap': True}",0.9493622998396882,0.94217401467538,0.9419193563088762,0.9444852236079814,0.0034501803960872088,4
8.826337337493896,0.07120689854117836,0.7120885848999023,0.005576333313875694,150,5,2,log2,20,True,"{'n_estimators': 150, 'min_samples_split': 5, 'min_samples_leaf': 2, 'max_features': 'log2', 'max_depth': 20, 'bootstrap': True}",0.9446010458387055,0.9366040810860482,0.9415495135773061,0.9409182135006867,0.0032951242924322516,5
